<?xml version = "1.0" encoding = "utf-8" ?> 
<component name="ListMarkupContent" extends="ContentNode">
<children>
  <ContentNode text="Hollyoaks" HDPosterUrl="https://hips.hearstapps.com/hmg-prod.s3.amazonaws.com/images/hollyoaks-christmas-titletreatment-hero-2-1920x1080-1608658405.jpg" />
  <ContentNode text="The Great British Bake Off" HDPosterUrl="https://i2.wp.com/tellymix.co.uk/wp-content/uploads/2020/01/the-great-british-bake-off-new-years.jpg" />
  <ContentNode text="TaskMaster" HDPosterUrl="https://ic.c4assets.com/brands/taskmaster/775e789d-acd2-46c4-980e-05d28ef355c2.jpg" />
  <ContentNode text="Made In Chelsea" HDPosterUrl="https://ic.c4assets.com/brands/made-in-chelsea/series-20/episode-11/040a9653-f40d-4413-b863-95ac8a5a3e32.jpg" />
  <ContentNode text="GoggleBox" HDPosterUrl="https://ic.c4assets.com/brands/gogglebox/series-16/episode-14/b4b9e92c-f871-496b-a9e8-254d34b6a3ca.jpg" />
  <ContentNode text="New Life In The Country" HDPosterUrl="https://ic.c4assets.com/brands/sarah-beenys-new-life-in-the-country/series-1/episode-7/71d4550d-866c-403f-a405-2b0200fe1b76.jpg" />
</children>
</component>