<?xml version = "1.0" encoding = "utf-8" ?>
<component name="MarkupListItem" extends="Group">
<interface>
    <field id="itemContent" type="node" onChange="showcontent" />
</interface>
<script type="text/brightscript">
<![CDATA[
sub init()
    m.itemposter = m.top.findNode("itemPoster")
    m.itemlabel = m.top.findNode("itemLabel")
end sub
sub showcontent()
    itemcontent = m.top.itemContent
    m.itemposter.uri=itemcontent.HDPosterUrl
    m.itemlabel.text=itemcontent.title
    m.itemlabel.font.size=40
    m.itemlabel.color="0x000000"
end sub
]]>
</script>
<children>
    <Poster id="itemPoster" width="200.0" height="200.0" />
    <Label id="itemLabel" translation="[80,40]" />
</children>
</component>